24.49.144.0/20,{400511}
24.49.144.0/20,{400511}
64.20.128.0/19,{400511}
64.203.229.0/24,{400511}
64.203.249.0/24,{400511}
64.203.250.0/24,{400511}
64.203.252.0/24,{400511}
66.111.64.0/19,{400511}
67.20.128.0/19,{400511}
67.20.141.0/24,{400511}
67.20.143.0/24,{400511}
67.20.152.0/21,{400511}
67.216.128.0/19,{400511}
67.216.154.0/24,{400511}
108.175.192.0/20,{400511}
108.175.205.0/24,{400511}
173.207.192.0/18,{400511}
199.119.152.0/21,{400511}
207.5.0.0/18,{400511}
207.5.31.0,{400511}
207.5.36.0,{400511}
207.5.37.0,{400511}
207.5.47.0,{400511}
207.182.64.0/19,{400511}
207.182.79.0,{400511}
207.182.86.0,{400511}
207.182.87.0,{400511}
207.182.90.0,{400511}
216.16.208.0/20,{400511}
24.49.144.0/20,{400511}
